"id","type","title","date","status","url"
"show-overview","show","多人喜剧聊天节目：深圳筹备与招募","2026-10-02","筹备与招募","/?page=article&slug=show-overview"
"bono","people","认识 Bono","2026-10-02","已确认可用介绍","/?page=article&slug=bono"
"new-friend-guide","guide","第一次来：先了解 BB 箱子","2026-10-02","当前介绍","/?page=article&slug=new-friend-guide"
"chat-guide","guide","来聊天：参与者指南","2026-09-21","参与指南","/?page=article&slug=chat-guide"
"production-guide","guide","一起制作：拍摄、收音和剪辑","2026-09-21","参与指南","/?page=article&slug=production-guide"
"venue-guide","guide","提供场地：先约一次现场检查","2026-09-21","参与指南","/?page=article&slug=venue-guide"
"topic-guide","guide","一起找话题：从一件事开始","2026-09-21","参与指南","/?page=article&slug=topic-guide"
"partner-guide","guide","合作沟通：把条件摆在桌面上","2026-09-21","参与指南","/?page=article&slug=partner-guide"
"first-meeting","guide","第一次见面：先关着镜头聊","2026-09-21","参与指南","/?page=article&slug=first-meeting"
"pilot-procedure","guide","第一次试录怎么做","2026-09-21","待执行流程","/?page=article&slug=pilot-procedure"
"revenue","method","收入怎么分：V0.1 讨论草案","2026-09-21","讨论草案","/?page=article&slug=revenue"
"rights","guide","素材、账号与退出","2026-09-21","讨论草案","/?page=article&slug=rights"
"privacy","guide","隐私与网站统计","2026-10-02","本地修订稿","/?page=article&slug=privacy"
"equipment","method","设备清单与测试","2026-09-21","待现场验证","/?page=article&slug=equipment"
"open-source","method","把方法带走","2026-09-21","复用说明","/?page=article&slug=open-source"
"ai-workflow","method","AI 的幕后工作","2026-09-21","工作方法","/?page=article&slug=ai-workflow"
"weekly-review","method","每周复盘：把做过的事讲清楚","2026-09-21","工作方法","/?page=article&slug=weekly-review"
"build-in-public","updates","9 月 21 日：参与和公开规则","2026-09-21","已确认方向","/?page=article&slug=build-in-public"
"current-progress","updates","当前进度：课程、节目与官网","2026-10-02","筹备进度","/?page=article&slug=current-progress"
"recording-consent","guide","开机之前，把授权逐项说清","2026-09-21","授权说明","/?page=article&slug=recording-consent"
"project-start","updates","9 月 20 日：项目开始筹备","2026-09-21","已建立规划","/?page=article&slug=project-start"
"course-overview","guide","AI 与 Codex：一节完整实操课","2026-09-30","课程筹备","/?page=article&slug=course-overview"
"group-overview","guide","BB箱子问答群","2026-09-30","预售期筹备","/?page=article&slug=group-overview"
"activities-overview","guide","内容型活动：先从乱讲 PPT 准备","2026-09-30","活动筹备","/?page=article&slug=activities-overview"
"process-overview","method","公开制作：作品、方法与过程","2026-10-02","持续整理","/?page=article&slug=process-overview"
"website-prototype-progress","updates","10 月 2 日：完整官网的本地预览","2026-10-02","本地预览，待验收","/?page=article&slug=website-prototype-progress"
"course-campaign-progress","updates","10 月 1 日：五套课程宣传资料完成本地检查","2026-10-01","本地审稿版","/?page=article&slug=course-campaign-progress"
"office-film-progress","updates","10 月 1 日：办公宣传片仍是预览草稿","2026-10-01","预览草稿","/?page=article&slug=office-film-progress"
