sound,beat,time_seconds,level,frequency,length_seconds
kick,0,0.0,1.05,46.249,0.25
bass,0,0.0,0.95,46.249,0.3
kick,0.75,0.424528,1.05,46.249,0.25
bass,0.75,0.424528,0.95,46.249,0.2
kick,2,1.132075,1.05,46.249,0.25
bass,2,1.132075,0.95,46.249,0.3
kick,2.75,1.556604,1.05,46.249,0.25
bass,2.75,1.556604,0.95,69.2948767,0.2
snare,1,0.566038,0.95,46.249,0.17
snare,3,1.698113,0.95,46.249,0.17
hat,0.518,0.293208,0.65,46.249,0.055
hat,1.518,0.859245,0.65,46.249,0.055
hat,2.518,1.425283,0.65,46.249,0.055
hat,3.518,1.991321,0.65,46.249,0.055
stab,0,0.0,0.7,92.498,0.23
kick,4,2.264151,1.05,46.249,0.25
bass,4,2.264151,0.95,46.249,0.3
kick,5.5,3.113208,1.05,46.249,0.25
bass,5.5,3.113208,0.95,46.249,0.2
kick,6.25,3.537736,1.05,46.249,0.25
bass,6.25,3.537736,0.95,46.249,0.2
kick,7.5,4.245283,1.05,46.249,0.25
bass,7.5,4.245283,0.95,46.249,0.2
snare,5,2.830189,0.95,46.249,0.17
snare,7,3.962264,0.95,46.249,0.17
snare,6.75,3.820755,0.3,46.249,0.09
hat,4.268,2.415849,0.42,46.249,0.055
hat,4.768,2.698868,0.42,46.249,0.055
hat,5.518,3.123396,0.65,46.249,0.055
hat,6.518,3.689434,0.65,46.249,0.055
hat,7.268,4.113962,0.42,46.249,0.055
hat,7.518,4.255472,0.65,46.249,0.055
scratch,6.5,3.679245,0.65,46.249,0.115
scratch,6.875,3.891509,0.65,46.249,0.115
kick,8,4.528302,1.05,46.249,0.25
bass,8,4.528302,0.95,41.203,0.3
kick,8.5,4.811321,1.05,46.249,0.25
bass,8.5,4.811321,0.95,41.203,0.2
kick,9.75,5.518868,1.05,46.249,0.25
bass,9.75,5.518868,0.95,41.203,0.2
kick,10.5,5.943396,1.05,46.249,0.25
bass,10.5,5.943396,0.95,41.203,0.2
snare,9,5.09434,0.95,46.249,0.17
snare,11,6.226415,0.95,46.249,0.17
hat,8.518,4.821509,0.65,46.249,0.055
hat,9.518,5.387547,0.65,46.249,0.055
hat,10.518,5.953585,0.65,46.249,0.055
hat,11.518,6.519623,0.65,46.249,0.055
stab,8,4.528302,0.7,82.406,0.23
kick,12,6.792453,1.05,46.249,0.25
bass,12,6.792453,0.95,43.654,0.3
kick,12.75,7.216981,1.05,46.249,0.25
bass,12.75,7.216981,0.95,43.654,0.2
kick,14,7.924528,1.05,46.249,0.25
bass,14,7.924528,0.95,43.654,0.3
kick,15.25,8.632075,1.05,46.249,0.25
bass,15.25,8.632075,0.95,43.654,0.2
snare,13,7.358491,0.95,46.249,0.17
snare,15,8.490566,0.95,46.249,0.17
hat,12.268,6.944151,0.42,46.249,0.055
hat,12.768,7.22717,0.42,46.249,0.055
hat,13.518,7.651698,0.65,46.249,0.055
hat,14.518,8.217736,0.65,46.249,0.055
hat,15.268,8.642264,0.42,46.249,0.055
hat,15.518,8.783774,0.65,46.249,0.055
scratch,14.5,8.207547,0.65,46.249,0.115
scratch,14.875,8.419811,0.65,46.249,0.115
kick,16,9.056604,1.05,46.249,0.25
bass,16,9.056604,0.95,46.249,0.3
kick,16.75,9.481132,1.05,46.249,0.25
bass,16.75,9.481132,0.95,46.249,0.2
kick,18,10.188679,1.05,46.249,0.25
bass,18,10.188679,0.95,46.249,0.3
kick,18.75,10.613208,1.05,46.249,0.25
bass,18.75,10.613208,0.95,69.2948767,0.2
snare,17,9.622642,0.95,46.249,0.17
snare,19,10.754717,0.95,46.249,0.17
hat,16.518,9.349811,0.65,46.249,0.055
hat,17.518,9.915849,0.65,46.249,0.055
hat,18.518,10.481887,0.65,46.249,0.055
hat,19.518,11.047925,0.65,46.249,0.055
stab,16,9.056604,0.7,92.498,0.23
kick,20,11.320755,1.05,46.249,0.25
bass,20,11.320755,0.95,46.249,0.3
kick,21.5,12.169811,1.05,46.249,0.25
bass,21.5,12.169811,0.95,46.249,0.2
kick,22.25,12.59434,1.05,46.249,0.25
bass,22.25,12.59434,0.95,46.249,0.2
kick,23.5,13.301887,1.05,46.249,0.25
bass,23.5,13.301887,0.95,46.249,0.2
snare,21,11.886792,0.95,46.249,0.17
snare,23,13.018868,0.95,46.249,0.17
snare,22.75,12.877358,0.3,46.249,0.09
hat,20.268,11.472453,0.42,46.249,0.055
hat,20.768,11.755472,0.42,46.249,0.055
hat,21.518,12.18,0.65,46.249,0.055
hat,22.518,12.746038,0.65,46.249,0.055
hat,23.268,13.170566,0.42,46.249,0.055
hat,23.518,13.312075,0.65,46.249,0.055
scratch,22.5,12.735849,0.65,46.249,0.115
scratch,22.875,12.948113,0.65,46.249,0.115
kick,24,13.584906,1.05,46.249,0.25
bass,24,13.584906,0.95,41.203,0.3
kick,24.5,13.867925,1.05,46.249,0.25
bass,24.5,13.867925,0.95,41.203,0.2
kick,25.75,14.575472,1.05,46.249,0.25
bass,25.75,14.575472,0.95,41.203,0.2
kick,26.5,15.0,1.05,46.249,0.25
bass,26.5,15.0,0.95,41.203,0.2
snare,25,14.150943,0.95,46.249,0.17
snare,27,15.283019,0.95,46.249,0.17
hat,24.518,13.878113,0.65,46.249,0.055
hat,25.518,14.444151,0.65,46.249,0.055
hat,26.518,15.010189,0.65,46.249,0.055
hat,27.518,15.576226,0.65,46.249,0.055
stab,24,13.584906,0.7,82.406,0.23
kick,28,15.849057,1.05,46.249,0.25
bass,28,15.849057,0.95,43.654,0.3
kick,28.75,16.273585,1.05,46.249,0.25
bass,28.75,16.273585,0.95,43.654,0.2
kick,30,16.981132,1.05,46.249,0.25
bass,30,16.981132,0.95,43.654,0.3
kick,31.25,17.688679,1.05,46.249,0.25
bass,31.25,17.688679,0.95,43.654,0.2
snare,29,16.415094,0.95,46.249,0.17
snare,31,17.54717,0.95,46.249,0.17
snare,30.75,17.40566,0.3,46.249,0.09
hat,28.268,16.000755,0.42,46.249,0.055
hat,28.768,16.283774,0.42,46.249,0.055
hat,29.518,16.708302,0.65,46.249,0.055
hat,30.518,17.27434,0.65,46.249,0.055
hat,31.268,17.698868,0.42,46.249,0.055
hat,31.518,17.840377,0.65,46.249,0.055
scratch,30.5,17.264151,0.65,46.249,0.115
scratch,30.875,17.476415,0.65,46.249,0.115
kick,32,18.113208,1.05,46.249,0.25
bass,32,18.113208,0.95,46.249,0.3
kick,32.75,18.537736,1.05,46.249,0.25
bass,32.75,18.537736,0.95,46.249,0.2
kick,34,19.245283,1.05,46.249,0.25
bass,34,19.245283,0.95,46.249,0.3
kick,34.75,19.669811,1.05,46.249,0.25
bass,34.75,19.669811,0.95,69.2948767,0.2
snare,33,18.679245,0.95,46.249,0.17
snare,35,19.811321,0.95,46.249,0.17
hat,32.518,18.406415,0.65,46.249,0.055
hat,33.518,18.972453,0.65,46.249,0.055
hat,34.518,19.538491,0.65,46.249,0.055
hat,35.518,20.104528,0.65,46.249,0.055
stab,32,18.113208,0.7,92.498,0.23
scratch,34.5,19.528302,0.65,46.249,0.115
scratch,34.875,19.740566,0.65,46.249,0.115
kick,36,20.377358,1.05,46.249,0.25
bass,36,20.377358,0.95,46.249,0.3
kick,37.5,21.226415,1.05,46.249,0.25
bass,37.5,21.226415,0.95,46.249,0.2
kick,38,21.509434,1.05,46.249,0.25
bass,38,21.509434,0.95,46.249,0.3
snare,37,20.943396,0.95,46.249,0.17
hat,36.518,20.670566,0.65,46.249,0.055
hat,37.768,21.378113,0.42,46.249,0.055
